{
  "peak_memory_kb": 22633.333333333332,
  "resolution": "512x512",
  "run_id": 1,
  "stage_times": {
    "biome_classification": 0.2872483333333333,
    "heightmap_and_voronoi": 0.01112,
    "hydraulic_erosion": 7.596917666666667,
    "object_placement": 0.02171,
    "river_generation": 0.031013666666666665
  },
  "threads": 14,
  "total_time": 7.948988666666667,
  "wall_clock_time": 8.223666747411093,
  "num_runs": 3,
  "std_dev_total_time": 0.56855295622337
}