{
  "peak_memory_kb": 20960,
  "resolution": "512x512",
  "run_id": 1,
  "stage_times": {
    "biome_classification": 1.1238996666666665,
    "heightmap_and_voronoi": 0.05156733333333333,
    "hydraulic_erosion": 2.9804146666666664,
    "object_placement": 0.015113,
    "river_generation": 0.028942
  },
  "threads": 1,
  "total_time": 4.201042,
  "wall_clock_time": 4.40207560857137,
  "num_runs": 3,
  "std_dev_total_time": 0.06316699702376202
}