{
  "peak_memory_kb": 21948,
  "resolution": "512x512",
  "run_id": 1,
  "stage_times": {
    "biome_classification": 0.43333333333333335,
    "heightmap_and_voronoi": 0.015985,
    "hydraulic_erosion": 3.2769033333333333,
    "object_placement": 0.014191,
    "river_generation": 0.025917666666666665
  },
  "threads": 4,
  "total_time": 3.7673573333333334,
  "wall_clock_time": 4.00490681330363,
  "num_runs": 3,
  "std_dev_total_time": 0.07084865306647226
}