{
  "peak_memory_kb": 85166.66666666667,
  "resolution": "1024x1024",
  "run_id": 1,
  "stage_times": {
    "biome_classification": 1.0526056666666666,
    "heightmap_and_voronoi": 0.03257366666666667,
    "hydraulic_erosion": 31.802243333333333,
    "object_placement": 0.07832866666666667,
    "river_generation": 0.13824533333333333
  },
  "threads": 14,
  "total_time": 33.107672,
  "wall_clock_time": 34.00583004951477,
  "num_runs": 3,
  "std_dev_total_time": 0.4132569282770714
}