{
  "peak_memory_kb": 81860,
  "resolution": "1024x1024",
  "run_id": 1,
  "stage_times": {
    "biome_classification": 5.995171999999999,
    "heightmap_and_voronoi": 0.202447,
    "hydraulic_erosion": 13.119759666666667,
    "object_placement": 0.07853466666666667,
    "river_generation": 0.168042
  },
  "threads": 1,
  "total_time": 19.567533,
  "wall_clock_time": 20.598216374715168,
  "num_runs": 3,
  "std_dev_total_time": 1.523458791152225
}