{
  "peak_memory_kb": 86329.33333333333,
  "resolution": "1024x1024",
  "run_id": 1,
  "stage_times": {
    "biome_classification": 0.880415,
    "heightmap_and_voronoi": 0.029327333333333334,
    "hydraulic_erosion": 33.78746966666667,
    "object_placement": 0.07388733333333333,
    "river_generation": 0.12161733333333334
  },
  "threads": 20,
  "total_time": 34.896308999999995,
  "wall_clock_time": 35.57103109359741,
  "num_runs": 3,
  "std_dev_total_time": 0.24356042713667653
}