{
  "peak_memory_kb": 82565.33333333333,
  "resolution": "1024x1024",
  "run_id": 1,
  "stage_times": {
    "biome_classification": 2.9908836666666665,
    "heightmap_and_voronoi": 0.111725,
    "hydraulic_erosion": 13.226515666666666,
    "object_placement": 0.059029,
    "river_generation": 0.121114
  },
  "threads": 2,
  "total_time": 16.513269666666666,
  "wall_clock_time": 17.311609188715618,
  "num_runs": 3,
  "std_dev_total_time": 1.7572621154916908
}