{
  "peak_memory_kb": 84668,
  "resolution": "1024x1024",
  "run_id": 1,
  "stage_times": {
    "biome_classification": 1.1910656666666666,
    "heightmap_and_voronoi": 0.045651,
    "hydraulic_erosion": 21.209643333333332,
    "object_placement": 0.06809966666666667,
    "river_generation": 0.120175
  },
  "threads": 8,
  "total_time": 22.638227,
  "wall_clock_time": 23.348578612009685,
  "num_runs": 3,
  "std_dev_total_time": 1.022054673856051
}