{
  "peak_memory_kb": 4952,
  "resolution": "256x256",
  "run_id": 1,
  "stage_times": {
    "biome_classification": 0.024680333333333332,
    "heightmap_and_voronoi": 0.005345666666666667,
    "hydraulic_erosion": 1.227684,
    "object_placement": 0.004079,
    "river_generation": 0.005533666666666667
  },
  "threads": 14,
  "total_time": 1.2676446666666665,
  "wall_clock_time": 1.3198017279307048,
  "num_runs": 3,
  "std_dev_total_time": 0.04157323264233046
}