{
  "peak_memory_kb": 4364,
  "resolution": "256x256",
  "run_id": 1,
  "stage_times": {
    "biome_classification": 0.021287666666666667,
    "heightmap_and_voronoi": 0.007345333333333333,
    "hydraulic_erosion": 0.6550016666666667,
    "object_placement": 0.0033256666666666664,
    "river_generation": 0.005926666666666667
  },
  "threads": 2,
  "total_time": 0.6932223333333333,
  "wall_clock_time": 0.7401846249898275,
  "num_runs": 3,
  "std_dev_total_time": 0.012173232000308423
}