{
  "peak_memory_kb": 4785.333333333333,
  "resolution": "256x256",
  "run_id": 1,
  "stage_times": {
    "biome_classification": 0.023074,
    "heightmap_and_voronoi": 0.0052190000000000005,
    "hydraulic_erosion": 0.939851,
    "object_placement": 0.003567666666666667,
    "river_generation": 0.0065056666666666665
  },
  "threads": 8,
  "total_time": 0.9785706666666667,
  "wall_clock_time": 1.0309378306070964,
  "num_runs": 3,
  "std_dev_total_time": 0.015394232697128286
}