{
  "peak_memory_kb": 231529.33333333334,
  "resolution": "2048x2048",
  "run_id": 1,
  "stage_times": {
    "biome_classification": 0.5619730000000001,
    "heightmap_and_voronoi": 0.117635,
    "hydraulic_erosion": 118.30085366666667,
    "object_placement": 0.29969666666666667,
    "river_generation": 0.452825
  },
  "threads": 14,
  "total_time": 119.74657266666667,
  "wall_clock_time": 122.32188399632771,
  "num_runs": 3,
  "std_dev_total_time": 0.5894797883917046
}