{
  "peak_memory_kb": 324832,
  "resolution": "2048x2048",
  "run_id": 1,
  "stage_times": {
    "biome_classification": 20.029290333333332,
    "heightmap_and_voronoi": 0.8234993333333334,
    "hydraulic_erosion": 63.538539,
    "object_placement": 0.25907399999999997,
    "river_generation": 0.6463086666666666
  },
  "threads": 1,
  "total_time": 85.312585,
  "wall_clock_time": 89.76369547843933,
  "num_runs": 3,
  "std_dev_total_time": 7.007353495490935
}